customer_id,order_id,order_date,rolling_7_day_order_count
C00001,O0001824,2022-08-12,1
C00001,O0001852,2023-12-29,1
C00002,O0001057,2022-06-08,1
C00002,O0001392,2022-07-25,1
C00003,O0001944,2023-07-20,1
C00003,O0000048,2023-08-29,1
C00004,O0000280,2022-04-30,1
C00004,O0000872,2022-09-27,1
C00004,O0001729,2022-12-25,1
C00004,O0000010,2023-10-22,1
C00004,O0001184,2024-01-20,1
C00005,O0000191,2022-01-22,1
C00005,O0001587,2022-08-03,1
C00005,O0000215,2022-12-05,1
C00005,O0001388,2023-09-06,1
C00005,O0000523,2023-09-15,1
C00006,O0000694,2023-05-20,1
C00007,O0000779,2022-05-26,1
C00007,O0001923,2023-01-30,1
C00007,O0000533,2023-04-13,1
C00007,O0001026,2023-12-01,1
C00008,O0001460,2022-02-22,1
C00008,O0000185,2022-03-24,1
C00008,O0000354,2023-09-21,1
C00008,O0000322,2024-03-11,1
C00009,O0000076,2022-01-19,1
C00010,O0000982,2022-03-09,1
C00010,O0000822,2022-06-13,1
C00010,O0001879,2023-01-26,1
C00010,O0001368,2023-05-04,1
C00010,O0000276,2023-08-14,1
C00010,O0000584,2024-04-04,1
C00011,O0000459,2022-08-07,1
C00011,O0000284,2023-08-30,1
C00012,O0001989,2022-02-05,1
C00012,O0001466,2023-05-24,1
C00013,O0000825,2022-03-03,1
C00013,O0001405,2022-04-27,1
C00013,O0001013,2023-03-30,1
C00013,O0000024,2023-07-07,1
C00013,O0001698,2024-06-23,1
C00014,O0000115,2022-02-22,1
C00014,O0000853,2023-04-25,1
C00014,O0000910,2023-06-29,1
C00014,O0001843,2023-08-05,1
C00014,O0001170,2024-01-20,1
C00014,O0001819,2024-03-08,1
C00015,O0001773,2022-04-25,1
C00015,O0000311,2022-11-28,1
C00015,O0000561,2023-12-10,1
C00015,O0000611,2024-06-29,1
C00016,O0001237,2022-01-21,1
C00016,O0000680,2023-01-25,1
C00017,O0001536,2023-01-21,1
C00018,O0000724,2023-06-10,1
C00018,O0000967,2023-10-19,1
C00018,O0000026,2023-10-21,2
C00018,O0001996,2023-12-14,1
C00018,O0000667,2024-06-28,1
C00019,O0001495,2023-01-21,1
C00019,O0001816,2023-01-28,2
C00019,O0000890,2023-03-12,1
C00020,O0000128,2022-03-24,1
C00020,O0000331,2022-12-19,1
C00020,O0000943,2023-02-06,1
C00020,O0001641,2024-02-17,1
C00021,O0001180,2022-04-18,1
C00021,O0001799,2023-01-07,1
C00021,O0000410,2023-05-17,1
C00021,O0000321,2023-09-14,1
C00021,O0000506,2024-05-17,1
C00022,O0001010,2022-12-23,1
C00022,O0000525,2023-05-22,1
C00022,O0000388,2024-01-25,1
C00023,O0000741,2022-04-14,1
C00023,O0000425,2022-07-11,1
C00023,O0001212,2023-03-22,1
C00023,O0001990,2023-08-03,1
C00024,O0001751,2022-03-11,1
C00024,O0000862,2022-10-24,1
C00024,O0001525,2023-12-01,1
C00024,O0001867,2024-03-18,1
C00025,O0001182,2022-03-28,1
C00025,O0001359,2022-04-10,1
C00025,O0001298,2022-06-25,1
C00025,O0001766,2023-03-16,1
C00026,O0001626,2022-03-03,1
C00026,O0000492,2023-04-06,1
C00028,O0001067,2022-04-03,1
C00028,O0001894,2022-04-13,1
C00028,O0001022,2022-10-04,1
C00028,O0000063,2024-02-06,1
C00028,O0001919,2024-04-16,1
C00029,O0001411,2022-02-25,1
C00029,O0000329,2022-07-21,1
C00029,O0001364,2023-04-01,1
C00029,O0000349,2023-05-16,1
C00030,O0001362,2022-01-21,1
C00030,O0000339,2023-02-28,1
C00030,O0000308,2023-07-06,1
C00031,O0001957,2022-08-07,1
C00031,O0000013,2022-11-30,1
C00031,O0001874,2023-03-26,1
C00031,O0001870,2023-10-13,1
C00031,O0000932,2023-10-28,1
C00031,O0000177,2023-11-04,2
C00031,O0001930,2024-01-19,1
C00032,O0000639,2022-03-14,1
C00032,O0001279,2023-02-20,1
C00033,O0000532,2024-06-01,1
C00034,O0000346,2022-02-12,1
C00034,O0000753,2022-11-15,1
C00034,O0001958,2023-07-31,1
C00035,O0000101,2024-01-14,1
C00036,O0001463,2022-07-26,1
C00036,O0001443,2023-07-09,1
C00036,O0000931,2024-02-23,1
C00037,O0000397,2022-04-28,1
C00037,O0000580,2023-03-12,1
C00037,O0001195,2023-09-26,1
C00037,O0000004,2023-10-26,1
C00037,O0001734,2024-03-04,1
C00038,O0001916,2022-04-11,1
C00038,O0000566,2023-10-13,1
C00038,O0001654,2023-10-17,2
C00038,O0000073,2023-12-01,1
C00038,O0001722,2024-05-25,1
C00039,O0000924,2023-01-23,1
C00040,O0001538,2022-09-03,1
C00040,O0001929,2022-11-17,1
C00041,O0001363,2023-03-02,1
C00041,O0001584,2023-04-21,1
C00042,O0000839,2022-01-29,1
C00042,O0001422,2022-04-30,1
C00042,O0000003,2022-07-02,1
C00042,O0000244,2023-09-11,1
C00042,O0001218,2023-11-27,1
C00043,O0000130,2023-10-17,1
C00043,O0001665,2023-12-31,1
C00043,O0000536,2024-02-05,1
C00044,O0000124,2022-04-03,1
C00044,O0000406,2023-03-03,1
C00044,O0001559,2023-11-11,1
C00045,O0000672,2022-01-29,1
C00045,O0001842,2023-06-26,1
C00045,O0001880,2024-03-11,1
C00046,O0000617,2022-12-07,1
C00046,O0000700,2023-11-11,1
C00048,O0001157,2023-01-04,1
C00048,O0000519,2023-02-14,1
C00048,O0001765,2023-02-23,1
C00048,O0001747,2023-05-16,1
C00049,O0001995,2023-02-26,1
C00049,O0001394,2024-03-13,1
C00049,O0001920,2024-06-03,1
C00050,O0001885,2022-01-02,1
C00050,O0000208,2022-05-07,1
C00050,O0000999,2024-03-20,1
C00051,O0001271,2022-04-14,1
C00051,O0000813,2023-05-30,1
C00051,O0001739,2023-09-18,1
C00052,O0001403,2023-04-22,1
C00052,O0000511,2023-11-27,1
C00052,O0001709,2024-04-01,1
C00053,O0000777,2022-01-18,1
C00053,O0001412,2022-01-21,2
C00053,O0000881,2022-08-20,1
C00053,O0000205,2022-12-08,1
C00053,O0001553,2023-11-29,1
C00053,O0000265,2024-02-07,1
C00053,O0000916,2024-04-11,1
C00054,O0001586,2023-02-21,1
C00054,O0001863,2023-10-29,1
C00054,O0000414,2024-06-13,1
C00055,O0000808,2022-04-25,1
C00055,O0000583,2022-10-09,1
C00055,O0000859,2023-03-28,1
C00055,O0001365,2023-06-27,1
C00055,O0000036,2023-08-10,1
C00055,O0001253,2024-05-06,1
C00056,O0001493,2022-02-14,1
C00056,O0001228,2022-03-08,1
C00056,O0001033,2022-04-10,1
C00056,O0001427,2022-06-11,1
C00056,O0001472,2023-05-18,1
C00056,O0001294,2023-05-23,2
C00057,O0000015,2022-02-13,1
C00057,O0001832,2022-05-31,1
C00057,O0000864,2023-03-21,1
C00057,O0000597,2023-08-25,1
C00058,O0001225,2022-10-24,1
C00058,O0001122,2023-12-24,1
C00058,O0001599,2024-01-01,1
C00059,O0000603,2022-06-14,1
C00059,O0001943,2022-07-13,1
C00059,O0000940,2023-04-16,1
C00060,O0001445,2022-03-28,1
C00060,O0001603,2022-06-17,1
C00060,O0001300,2022-07-01,1
C00060,O0001134,2022-08-11,1
C00060,O0001280,2023-06-10,1
C00061,O0000571,2022-08-23,1
C00061,O0001686,2023-03-29,1
C00061,O0001101,2024-03-05,1
C00061,O0001139,2024-03-29,1
C00062,O0000631,2023-01-02,1
C00062,O0001176,2023-03-09,1
C00062,O0001408,2023-07-06,1
C00063,O0001337,2022-05-17,1
C00063,O0000077,2022-05-28,1
C00063,O0001442,2022-10-16,1
C00063,O0000234,2023-04-04,1
C00063,O0001358,2023-05-28,1
C00063,O0001712,2023-11-17,1
C00063,O0000156,2024-06-19,1
C00064,O0001704,2022-06-13,1
C00064,O0001325,2023-07-14,1
C00064,O0000882,2023-11-06,1
C00064,O0000251,2024-01-06,1
C00064,O0000114,2024-02-29,1
C00065,O0000347,2022-08-08,1
C00065,O0000537,2023-02-17,1
C00065,O0001918,2023-10-01,1
C00065,O0000470,2024-02-03,1
C00066,O0000192,2022-01-15,1
C00066,O0000959,2022-09-17,2
C00066,O0000797,2022-09-17,2
C00066,O0001098,2022-12-03,1
C00066,O0000121,2023-04-18,1
C00066,O0000408,2024-05-19,1
C00067,O0001303,2022-05-13,1
C00067,O0000641,2022-07-16,1
C00067,O0000906,2022-08-17,1
C00067,O0000008,2023-06-07,1
C00067,O0000549,2023-07-01,1
C00067,O0000663,2024-04-05,1
C00067,O0000903,2024-05-21,1
C00068,O0001672,2022-02-02,1
C00068,O0001945,2023-05-13,1
C00069,O0000987,2022-05-14,1
C00069,O0000160,2022-10-28,1
C00069,O0000035,2023-04-26,1
C00069,O0001581,2023-07-14,1
C00069,O0001531,2023-08-12,1
C00070,O0001321,2022-02-15,1
C00070,O0000709,2022-07-15,1
C00070,O0001071,2022-10-13,1
C00070,O0001643,2022-11-23,1
C00070,O0001800,2023-08-31,1
C00070,O0001449,2024-04-11,1
C00071,O0000919,2022-01-10,1
C00071,O0000559,2022-01-14,2
C00071,O0001354,2022-02-22,1
C00071,O0000633,2022-09-10,1
C00071,O0000091,2022-10-09,1
C00071,O0001113,2023-10-25,1
C00071,O0000164,2024-01-18,1
C00071,O0001723,2024-03-31,1
C00072,O0001078,2022-12-10,1
C00072,O0000721,2023-05-30,1
C00072,O0000330,2023-10-09,1
C00072,O0000558,2023-11-16,1
C00072,O0001397,2023-12-11,1
C00073,O0001259,2022-03-26,1
C00073,O0001120,2022-03-29,2
C00073,O0000285,2022-11-20,1
C00074,O0000770,2022-11-09,1
C00074,O0001355,2022-11-28,1
C00074,O0001487,2023-03-30,1
C00074,O0001728,2023-08-13,1
C00074,O0000827,2023-10-20,1
C00074,O0000087,2023-12-28,1
C00076,O0000799,2022-06-20,1
C00076,O0000419,2023-02-06,1
C00076,O0001126,2024-05-23,1
C00076,O0000187,2024-06-19,1
C00077,O0001535,2022-03-01,1
C00077,O0000228,2022-03-08,2
C00077,O0000487,2023-09-20,1
C00077,O0000645,2023-11-14,1
C00077,O0000020,2024-03-31,1
C00078,O0001550,2022-01-15,1
C00078,O0000368,2022-03-08,1
C00078,O0001409,2023-11-13,1
C00078,O0001611,2024-02-01,1
C00079,O0000901,2022-01-18,1
C00079,O0001675,2022-06-15,1
C00079,O0001293,2022-10-13,1
C00080,O0001099,2022-07-16,1
C00080,O0001274,2022-07-27,1
C00080,O0001464,2022-08-26,1
C00080,O0000058,2022-12-25,1
C00080,O0000088,2023-06-07,1
C00080,O0001490,2024-04-19,1
C00081,O0001934,2022-04-22,1
C00081,O0000817,2022-06-11,1
C00081,O0001163,2023-02-07,1
C00081,O0001901,2023-07-25,1
C00081,O0000627,2023-10-17,1
C00081,O0001167,2024-02-13,1
C00082,O0000380,2022-01-12,1
C00082,O0000201,2022-04-12,1
C00082,O0001949,2023-10-25,1
C00082,O0001236,2024-01-18,1
C00083,O0001877,2022-02-22,1
C00083,O0000911,2023-07-28,1
C00083,O0000182,2023-08-05,1
C00084,O0000803,2022-01-30,1
C00084,O0000227,2022-12-03,1
C00084,O0001683,2024-04-23,1
C00085,O0000422,2022-12-23,1
C00085,O0001034,2023-09-21,1
C00085,O0001175,2023-10-20,1
C00085,O0001130,2023-12-08,1
C00086,O0001299,2022-07-02,1
C00086,O0000053,2022-08-21,1
C00086,O0001962,2023-04-07,1
C00086,O0001530,2023-07-21,1
C00087,O0001040,2023-01-28,1
C00087,O0000126,2023-08-08,1
C00087,O0001456,2024-03-06,1
C00088,O0000429,2022-04-23,1
C00088,O0000095,2022-10-14,1
C00088,O0000816,2022-10-29,1
C00088,O0001261,2023-02-25,1
C00088,O0000034,2023-12-13,1
C00088,O0001209,2024-03-26,1
C00089,O0000399,2022-06-12,1
C00089,O0000897,2023-05-28,1
C00090,O0001214,2022-03-09,1
C00090,O0001027,2024-06-06,1
C00091,O0000945,2022-12-18,1
C00091,O0000917,2023-04-28,1
C00091,O0001884,2024-04-19,1
C00092,O0001264,2022-03-12,1
C00092,O0001108,2022-03-19,2
C00092,O0000025,2022-07-22,1
C00092,O0001873,2022-11-23,1
C00092,O0000050,2023-03-24,1
C00092,O0001092,2024-01-02,1
C00092,O0001927,2024-04-25,1
C00093,O0001450,2022-05-24,1
C00093,O0001802,2022-09-05,1
C00093,O0000224,2022-09-24,1
C00093,O0001787,2023-11-19,1
C00094,O0000802,2022-05-04,1
C00094,O0000086,2022-05-15,1
C00094,O0001507,2023-06-11,1
C00094,O0000892,2023-08-29,1
C00095,O0001689,2022-03-07,1
C00095,O0000120,2022-05-07,1
C00095,O0000213,2023-01-29,1
C00096,O0001230,2023-07-09,1
C00096,O0001458,2023-10-05,1
C00096,O0000072,2023-12-18,1
C00097,O0000090,2022-03-02,1
C00097,O0001947,2022-03-10,1
C00097,O0001380,2023-07-19,1
C00098,O0000089,2023-08-19,1
C00098,O0001102,2023-08-22,2
C00098,O0001650,2024-01-17,1
C00098,O0000686,2024-04-02,1
C00099,O0001398,2024-03-17,1
C00100,O0000486,2022-11-23,1
C00100,O0000539,2023-02-09,1
C00100,O0000634,2023-08-09,1
C00100,O0001452,2023-09-25,1
C00100,O0001975,2023-10-29,1
C00101,O0001878,2022-11-24,1
C00101,O0000674,2023-12-24,1
C00102,O0001579,2022-02-25,1
C00102,O0000745,2022-09-02,1
C00102,O0001224,2022-11-23,1
C00103,O0000452,2022-10-11,1
C00103,O0000371,2023-01-05,1
C00103,O0001779,2023-10-19,1
C00104,O0001758,2022-05-13,1
C00104,O0000254,2023-02-10,1
C00105,O0000225,2022-04-19,1
C00105,O0001872,2022-07-30,1
C00105,O0000049,2022-12-26,1
C00105,O0001263,2023-05-10,1
C00106,O0001262,2022-02-17,1
C00106,O0000118,2022-04-10,1
C00106,O0001171,2022-07-28,1
C00106,O0001826,2023-02-28,1
C00106,O0000009,2024-03-01,1
C00106,O0000350,2024-04-19,1
C00107,O0000733,2023-07-09,1
C00107,O0001973,2023-07-24,1
C00107,O0000958,2023-12-25,1
C00107,O0001892,2024-02-11,1
C00108,O0001198,2022-06-10,1
C00108,O0000229,2023-06-23,1
C00109,O0001910,2023-07-24,1
C00110,O0000708,2022-01-05,1
C00110,O0000804,2022-05-17,1
C00110,O0001726,2023-02-19,1
C00111,O0001031,2022-05-29,1
C00111,O0000319,2022-08-04,1
C00111,O0000184,2022-08-21,1
C00111,O0000764,2023-10-21,1
C00111,O0001042,2023-10-28,2
C00111,O0000685,2023-12-18,1
C00111,O0000200,2024-05-14,1
C00112,O0001713,2022-02-18,1
C00112,O0000337,2022-05-25,1
C00112,O0000844,2023-08-16,1
C00112,O0000188,2023-08-27,1
C00113,O0001044,2022-10-03,1
C00113,O0000775,2023-08-19,1
C00113,O0001931,2024-06-08,1
C00114,O0000615,2022-03-03,1
C00114,O0001621,2022-08-25,1
C00114,O0001523,2023-07-21,1
C00114,O0001960,2023-10-22,1
C00114,O0000865,2023-11-18,1
C00115,O0001023,2022-02-12,1
C00115,O0000482,2022-02-20,1
C00115,O0000351,2023-02-17,1
C00115,O0001304,2023-09-23,1
C00115,O0000166,2024-01-05,1
C00116,O0001592,2022-11-13,1
C00116,O0000154,2023-10-16,1
C00117,O0000256,2022-08-24,1
C00118,O0000286,2022-01-02,1
C00118,O0001284,2022-09-22,1
C00118,O0001342,2022-12-18,1
C00118,O0001939,2023-06-13,1
C00119,O0000923,2022-07-02,1
C00119,O0001630,2022-07-22,1
C00120,O0000102,2022-07-22,1
C00120,O0001814,2023-09-08,1
C00121,O0001702,2022-01-30,1
C00121,O0001554,2022-06-15,1
C00121,O0001471,2022-08-06,1
C00121,O0000962,2023-02-23,1
C00121,O0001570,2023-03-14,1
C00121,O0001506,2024-01-08,1
C00121,O0001529,2024-06-29,1
C00122,O0001324,2022-02-04,1
C00122,O0001488,2023-05-11,1
C00122,O0001074,2023-07-29,1
C00123,O0000340,2022-10-07,1
C00123,O0000116,2023-05-20,1
C00123,O0001850,2024-03-13,1
C00124,O0001976,2022-11-25,1
C00124,O0001082,2023-04-26,1
C00124,O0001634,2023-07-19,1
C00125,O0000363,2022-04-24,1
C00125,O0000444,2022-10-01,1
C00125,O0001439,2023-01-31,1
C00125,O0001774,2023-12-24,1
C00126,O0000891,2023-05-19,1
C00126,O0001564,2023-11-30,1
C00127,O0000593,2022-01-02,1
C00127,O0001968,2022-04-03,1
C00127,O0001522,2022-07-14,1
C00127,O0001072,2023-12-08,1
C00127,O0001585,2023-12-27,1
C00128,O0001974,2022-03-14,1
C00128,O0000868,2022-08-12,1
C00128,O0000898,2022-08-14,2
C00128,O0000690,2022-12-12,1
C00128,O0000786,2023-12-30,1
C00129,O0001871,2024-02-09,1
C00130,O0000305,2022-05-02,1
C00130,O0001687,2022-09-29,1
C00130,O0000360,2022-10-29,1
C00130,O0001011,2023-05-26,1
C00130,O0001825,2024-03-06,1
C00130,O0000412,2024-04-26,1
C00131,O0000508,2023-01-03,1
C00131,O0001598,2023-08-24,1
C00131,O0000039,2023-09-27,1
C00131,O0000688,2024-06-09,1
C00132,O0001517,2022-04-25,1
C00132,O0000148,2022-10-26,1
C00132,O0000306,2023-07-12,1
C00132,O0001440,2024-02-04,1
C00132,O0000818,2024-04-08,1
C00133,O0001670,2022-02-04,1
C00133,O0000104,2022-03-18,1
C00133,O0001908,2023-01-19,1
C00133,O0000509,2023-01-25,2
C00133,O0002000,2023-02-13,1
C00133,O0000266,2023-04-18,1
C00133,O0000485,2023-07-12,1
C00133,O0001317,2024-04-29,1
C00134,O0001577,2022-01-10,1
C00134,O0000716,2022-03-27,1
C00134,O0000596,2022-07-11,1
C00134,O0000831,2023-07-20,1
C00134,O0001194,2023-08-10,1
C00134,O0001859,2023-08-23,1
C00134,O0000341,2023-10-04,1
C00134,O0000703,2023-10-06,2
C00134,O0001465,2024-06-09,1
C00135,O0000503,2022-11-01,1
C00135,O0001413,2022-12-19,1
C00135,O0001335,2023-04-14,1
C00136,O0000390,2022-08-05,1
C00136,O0001467,2023-06-10,1
C00136,O0001994,2023-09-03,1
C00136,O0001135,2023-09-27,1
C00136,O0000110,2024-01-24,1
C00137,O0000372,2022-05-07,1
C00137,O0000173,2022-08-14,1
C00137,O0000447,2022-12-10,1
C00137,O0001904,2024-04-19,1
C00137,O0000484,2024-05-21,1
C00139,O0001793,2022-01-24,1
C00139,O0001617,2022-03-31,1
C00140,O0000968,2022-06-14,1
C00140,O0001786,2023-11-24,1
C00141,O0000161,2022-11-10,1
C00141,O0000379,2024-06-22,1
C00142,O0000179,2022-09-30,1
C00142,O0000152,2023-02-07,1
C00142,O0000975,2023-06-06,1
C00142,O0000711,2024-03-18,1
C00142,O0001028,2024-06-24,1
C00143,O0001498,2022-01-04,1
C00143,O0000826,2022-01-15,1
C00143,O0001533,2022-07-18,1
C00143,O0001963,2022-10-10,1
C00143,O0000051,2022-12-30,1
C00143,O0001003,2023-03-31,1
C00143,O0000895,2023-07-05,1
C00143,O0001421,2024-05-09,1
C00144,O0001400,2023-09-10,1
C00144,O0001909,2023-10-13,1
C00144,O0001032,2024-04-05,1
C00145,O0000941,2022-02-02,1
C00145,O0001313,2023-07-04,1
C00145,O0001479,2023-12-24,1
C00146,O0000587,2022-11-22,1
C00146,O0000105,2023-08-07,1
C00146,O0001083,2024-03-27,1
C00147,O0000986,2022-02-10,1
C00147,O0001789,2022-02-17,2
C00147,O0000436,2023-11-24,1
C00147,O0000778,2023-12-30,1
C00148,O0000400,2022-02-20,1
C00148,O0000149,2024-05-04,1
C00149,O0001104,2022-02-17,1
C00149,O0000773,2022-04-11,1
C00149,O0000389,2022-08-21,1
C00149,O0000723,2023-05-16,1
C00149,O0001162,2024-02-13,1
C00149,O0000824,2024-03-14,1
C00149,O0001486,2024-04-08,1
C00150,O0000454,2022-04-17,1
C00150,O0000044,2022-06-29,1
C00150,O0001404,2022-08-27,1
C00150,O0000759,2024-01-25,1
C00151,O0001210,2022-06-18,1
C00151,O0000056,2022-08-16,1
C00151,O0000111,2022-11-19,1
C00151,O0000544,2023-01-11,1
C00151,O0001623,2023-06-14,1
C00152,O0000734,2023-05-20,1
C00152,O0001295,2024-05-06,1
C00153,O0001178,2023-06-28,1
C00153,O0001343,2023-11-22,1
C00154,O0001266,2023-11-27,1
C00154,O0000289,2024-01-19,1
C00154,O0001970,2024-02-12,1
C00155,O0000656,2022-02-24,1
C00155,O0000679,2022-10-17,1
C00155,O0001556,2024-04-15,1
C00156,O0001925,2022-07-13,1
C00156,O0001898,2023-06-02,1
C00156,O0001633,2023-06-10,1
C00156,O0001724,2024-03-27,1
C00157,O0001256,2022-06-21,1
C00157,O0001807,2022-07-21,1
C00157,O0001811,2022-11-09,1
C00157,O0001265,2023-05-30,1
C00157,O0000984,2023-11-02,1
C00157,O0001292,2023-11-04,2
C00157,O0000230,2024-04-06,1
C00158,O0000699,2022-06-29,1
C00158,O0000065,2022-07-17,1
C00158,O0000147,2022-08-29,1
C00158,O0000624,2023-02-13,1
C00158,O0000774,2024-05-17,1
C00159,O0000521,2022-04-10,1
C00159,O0000850,2022-06-27,1
C00159,O0000473,2022-08-31,1
C00159,O0001143,2023-04-13,1
C00159,O0001946,2023-04-19,2
C00159,O0000504,2024-01-03,1
C00159,O0000599,2024-02-20,1
C00159,O0001219,2024-06-29,1
C00160,O0000100,2022-12-07,1
C00160,O0000576,2023-02-03,1
C00160,O0001166,2024-03-31,1
C00161,O0001707,2022-01-02,1
C00161,O0000913,2022-03-10,1
C00161,O0000333,2023-10-15,1
C00161,O0000751,2024-06-07,1
C00161,O0000431,2024-06-14,2
C00162,O0000756,2022-01-29,1
C00162,O0001607,2022-09-06,1
C00162,O0001029,2022-11-10,1
C00162,O0001534,2022-11-24,1
C00162,O0000312,2023-04-03,1
C00162,O0000345,2023-08-02,1
C00162,O0001291,2023-12-15,1
C00162,O0001868,2024-03-07,1
C00163,O0001753,2022-02-09,1
C00163,O0000942,2022-02-14,2
C00163,O0001428,2022-12-25,1
C00163,O0001673,2023-07-05,1
C00163,O0001058,2023-12-09,1
C00163,O0001462,2024-04-27,1
C00164,O0000132,2022-01-12,1
C00164,O0001796,2022-01-19,2
C00164,O0000742,2022-01-21,2
C00164,O0001048,2022-08-30,1
C00164,O0001140,2022-10-31,1
C00165,O0001652,2022-03-30,1
C00165,O0001285,2023-01-28,1
C00165,O0000236,2023-02-04,2
C00166,O0000093,2022-03-14,1
C00166,O0001429,2022-05-26,1
C00166,O0001147,2022-10-20,1
C00166,O0000411,2022-11-16,1
C00166,O0001470,2023-05-24,1
C00166,O0000628,2023-06-08,1
C00166,O0001390,2023-08-24,1
C00166,O0000384,2023-09-26,1
C00167,O0001544,2022-11-24,1
C00167,O0000134,2023-04-23,1
C00167,O0001081,2023-08-22,1
C00168,O0000394,2022-01-29,1
C00168,O0000223,2022-12-01,1
C00168,O0000961,2024-01-12,1
C00169,O0000830,2024-05-13,1
C00169,O0000067,2024-06-28,1
C00170,O0000441,2022-05-01,1
C00170,O0001087,2022-07-18,2
C00170,O0000342,2022-07-18,2
C00170,O0000212,2022-10-15,1
C00170,O0000505,2023-10-21,1
C00170,O0001483,2024-04-01,1
C00171,O0000365,2022-02-19,1
C00171,O0001222,2022-03-05,1
C00171,O0001211,2022-03-17,1
C00171,O0000669,2022-09-25,1
C00171,O0001173,2022-11-05,1
C00171,O0000555,2023-02-22,1
C00171,O0000805,2023-03-12,1
C00171,O0000630,2023-04-30,1
C00171,O0001491,2023-10-19,1
C00171,O0000405,2024-03-08,1
C00172,O0001716,2022-04-09,1
C00172,O0001671,2022-05-03,1
C00172,O0001111,2022-07-29,1
C00172,O0000540,2023-03-13,1
C00172,O0001206,2024-04-18,1
C00173,O0000626,2022-01-20,1
C00173,O0001567,2022-02-22,1
C00173,O0001301,2022-05-09,1
C00173,O0000145,2022-05-21,1
C00173,O0001374,2023-02-28,1
C00173,O0001478,2023-03-29,1
C00173,O0000239,2023-07-12,1
C00174,O0001795,2022-01-07,1
C00174,O0001334,2022-10-22,1
C00175,O0001497,2022-02-21,1
C00175,O0000463,2023-07-20,1
C00175,O0001453,2023-09-26,1
C00176,O0000032,2022-05-29,1
C00176,O0001794,2023-07-29,1
C00176,O0001448,2024-03-09,1
C00177,O0000040,2022-01-04,1
C00177,O0001658,2023-04-09,1
C00177,O0000553,2023-05-24,1
C00177,O0000933,2023-07-08,1
C00178,O0001338,2022-02-21,1
C00178,O0001079,2022-09-30,1
C00178,O0000270,2023-06-24,1
C00178,O0000498,2023-07-16,1
C00178,O0001005,2024-03-02,1
C00178,O0001431,2024-06-11,1
C00179,O0001653,2022-11-17,1
C00179,O0000190,2023-04-24,1
C00179,O0000197,2023-09-14,1
C00179,O0000202,2023-10-16,1
C00179,O0001406,2023-11-15,1
C00180,O0000635,2022-10-14,1
C00180,O0000874,2023-05-07,1
C00180,O0000951,2023-08-22,1
C00180,O0001548,2024-03-24,1
C00181,O0000696,2022-03-24,1
C00181,O0000614,2022-04-16,1
C00181,O0001204,2022-11-09,1
C00181,O0001615,2024-06-09,1
C00182,O0000514,2022-09-27,1
C00182,O0001984,2022-10-04,2
C00182,O0000651,2022-11-19,1
C00182,O0000435,2023-09-12,1
C00182,O0001119,2024-03-19,1
C00183,O0001959,2022-04-15,1
C00183,O0001100,2022-07-22,1
C00183,O0000766,2023-02-12,1
C00183,O0001714,2023-03-03,1
C00184,O0000443,2022-02-26,1
C00184,O0001942,2023-06-12,1
C00184,O0001090,2023-10-11,1
C00185,O0001677,2023-08-15,1
C00186,O0000732,2022-12-09,1
C00186,O0001539,2023-08-14,1
C00186,O0000129,2023-11-20,1
C00186,O0000268,2024-03-08,1
C00186,O0001505,2024-04-28,1
C00187,O0000096,2022-08-20,1
C00188,O0000990,2022-02-10,1
C00188,O0001667,2022-09-11,1
C00188,O0000106,2023-10-10,1
C00189,O0000977,2023-04-15,1
C00189,O0001172,2023-10-26,1
C00189,O0000258,2024-02-05,1
C00189,O0001347,2024-06-07,1
C00189,O0001752,2024-06-15,1
C00190,O0000796,2022-01-05,1
C00190,O0000468,2023-12-15,1
C00190,O0000199,2024-01-03,1
C00190,O0000158,2024-02-03,1
C00190,O0001785,2024-04-24,1
C00191,O0000870,2022-02-14,1
C00191,O0000586,2022-04-19,1
C00191,O0000027,2023-04-06,1
C00191,O0000022,2024-06-27,1
C00192,O0000600,2022-12-10,1
C00192,O0001308,2023-02-02,1
C00192,O0000513,2023-05-20,1
C00192,O0001829,2023-12-24,1
C00192,O0000900,2024-06-07,1
C00192,O0000677,2024-06-27,1
C00193,O0001886,2023-05-02,1
C00193,O0000791,2024-03-04,1
C00193,O0001288,2024-06-20,1
C00194,O0000893,2023-10-02,1
C00194,O0001250,2023-10-20,1
C00194,O0000806,2023-12-18,1
C00195,O0001572,2022-03-01,1
C00195,O0000019,2022-08-04,1
C00195,O0001791,2022-09-24,1
C00195,O0001496,2023-12-26,1
C00195,O0000647,2024-03-12,1
C00196,O0000875,2022-05-18,1
C00196,O0000175,2022-08-08,1
C00196,O0001760,2023-07-21,1
C00196,O0000502,2023-12-03,1
C00196,O0000079,2024-06-06,1
C00197,O0001402,2022-11-15,1
C00197,O0000006,2022-12-17,1
C00198,O0000858,2022-09-14,1
C00198,O0001648,2024-04-21,1
C00199,O0000078,2022-04-09,1
C00199,O0000668,2022-10-21,1
C00199,O0001059,2022-11-26,1
C00199,O0001551,2023-05-07,1
C00199,O0000873,2023-07-23,1
C00199,O0000938,2023-09-24,1
C00199,O0000315,2024-05-30,1
C00200,O0000138,2022-05-04,1
C00200,O0000238,2023-05-04,1
C00200,O0001964,2023-07-02,1
C00200,O0000592,2023-11-09,1
C00200,O0000165,2024-04-13,1
C00201,O0001075,2023-05-13,1
C00201,O0001290,2023-08-03,1
C00201,O0000780,2023-09-13,1
C00201,O0001133,2024-01-27,1
C00202,O0001485,2023-06-03,1
C00202,O0000170,2023-09-01,1
C00202,O0001500,2023-09-23,1
C00203,O0000718,2024-02-05,1
C00203,O0001576,2024-03-02,1
C00204,O0000989,2022-03-22,1
C00204,O0000541,2023-02-01,1
C00204,O0001239,2023-02-05,2
C00204,O0001981,2023-09-12,1
C00204,O0001875,2023-11-05,1
C00204,O0000299,2024-03-14,1
C00204,O0001895,2024-03-20,2
C00205,O0000218,2022-05-28,1
C00205,O0000665,2023-05-21,1
C00206,O0000939,2022-04-18,1
C00206,O0000510,2022-09-16,1
C00207,O0000837,2022-08-11,1
C00207,O0001509,2023-01-26,1
C00207,O0001039,2023-12-06,1
C00207,O0000433,2024-04-05,1
C00208,O0000075,2023-01-13,1
C00208,O0000798,2023-02-24,1
C00208,O0000387,2023-08-11,1
C00209,O0000598,2023-04-10,1
C00210,O0001305,2022-12-15,1
C00210,O0000304,2022-12-31,1
C00210,O0000307,2023-02-12,1
C00210,O0001015,2023-11-27,1
C00211,O0000884,2023-01-19,1
C00211,O0001906,2023-06-22,1
C00211,O0001543,2023-11-02,1
C00211,O0000303,2024-02-20,1
C00212,O0000476,2022-01-12,1
C00212,O0000996,2022-11-01,1
C00212,O0001395,2023-02-16,1
C00212,O0001771,2024-01-28,1
C00213,O0000682,2022-06-28,1
C00213,O0001050,2022-07-23,1
C00213,O0000264,2023-10-22,1
C00213,O0001085,2024-05-03,1
C00214,O0001510,2022-11-08,1
C00214,O0001661,2023-06-30,1
C00215,O0000479,2022-03-01,1
C00215,O0000323,2022-05-05,1
C00215,O0001708,2022-12-13,1
C00215,O0001847,2023-02-18,1
C00215,O0000370,2023-03-14,1
C00215,O0001620,2023-05-09,1
C00215,O0001840,2023-06-15,1
C00215,O0001148,2023-09-21,1
C00215,O0001221,2023-12-03,1
C00216,O0000880,2022-01-13,1
C00216,O0000767,2023-04-04,1
C00217,O0001215,2022-06-12,1
C00217,O0000976,2022-10-11,1
C00217,O0001763,2023-01-06,1
C00217,O0001012,2024-01-21,1
C00218,O0001915,2022-06-03,1
C00218,O0001822,2022-10-05,1
C00218,O0001161,2023-06-10,1
C00218,O0000144,2023-07-19,1
C00219,O0000042,2023-01-10,1
C00219,O0000300,2023-06-12,1
C00219,O0000062,2023-08-18,1
C00220,O0000263,2022-05-14,1
C00220,O0000720,2022-08-12,1
C00220,O0000638,2024-04-12,1
C00221,O0000169,2022-11-29,1
C00221,O0000725,2024-05-05,1
C00222,O0001361,2022-12-28,1
C00222,O0001694,2023-03-15,1
C00222,O0001312,2024-01-15,1
C00223,O0001693,2022-02-19,1
C00223,O0000729,2022-03-12,1
C00223,O0000644,2022-07-07,1
C00223,O0001329,2022-09-04,1
C00223,O0001937,2023-07-27,1
C00224,O0001926,2022-12-25,1
C00224,O0001247,2023-09-06,1
C00224,O0000001,2023-11-19,1
C00225,O0000689,2022-07-02,1
C00225,O0001037,2022-11-03,1
C00225,O0000209,2022-11-09,2
C00225,O0000277,2023-02-23,1
C00226,O0000848,2024-06-22,1
C00227,O0000698,2022-07-15,1
C00227,O0000409,2022-09-29,1
C00227,O0000445,2022-11-30,1
C00227,O0000771,2024-03-14,1
C00228,O0001341,2022-12-22,1
C00228,O0000292,2023-07-22,1
C00228,O0000518,2023-08-15,1
C00229,O0000272,2022-02-07,1
C00229,O0000318,2023-02-02,1
C00229,O0001056,2023-03-30,1
C00229,O0001484,2023-06-29,1
C00230,O0000528,2022-01-19,1
C00230,O0001503,2022-11-06,1
C00230,O0001803,2023-04-10,1
C00230,O0000038,2023-08-20,1
C00230,O0000066,2023-11-05,1
C00231,O0000846,2022-12-29,1
C00231,O0000099,2023-07-17,1
C00231,O0001138,2023-07-30,1
C00231,O0000807,2024-01-02,1
C00231,O0000909,2024-02-21,1
C00232,O0000575,2023-04-27,1
C00232,O0001202,2023-06-23,1
C00232,O0000074,2023-08-26,1
C00232,O0001451,2024-03-25,1
C00232,O0001936,2024-05-11,1
C00233,O0000534,2022-04-23,1
C00233,O0001742,2022-08-14,1
C00233,O0001008,2022-12-04,1
C00233,O0001978,2023-01-18,1
C00233,O0000704,2023-06-17,1
C00233,O0000947,2023-06-26,1
C00233,O0001540,2023-12-20,1
C00233,O0001992,2024-01-21,1
C00234,O0001041,2023-07-16,1
C00234,O0001004,2023-11-05,1
C00235,O0000867,2022-05-29,1
C00235,O0001454,2022-12-20,1
C00235,O0001645,2023-04-09,1
C00235,O0000246,2023-10-30,1
C00235,O0001837,2024-04-14,1
C00236,O0001613,2022-04-09,1
C00236,O0001393,2022-04-16,2
C00236,O0001504,2022-05-05,1
C00236,O0001248,2023-04-27,1
C00236,O0001928,2024-01-01,1
C00237,O0001399,2022-05-03,1
C00237,O0001610,2022-11-26,1
C00237,O0001831,2023-02-06,1
C00237,O0001730,2023-07-11,1
C00238,O0001381,2022-01-13,1
C00238,O0000675,2022-05-13,1
C00238,O0001153,2022-08-01,1
C00238,O0000083,2022-11-29,1
C00238,O0000832,2023-01-09,1
C00238,O0000782,2023-07-17,1
C00238,O0001183,2023-09-30,1
C00239,O0000836,2022-10-28,1
C00239,O0001858,2022-12-14,1
C00239,O0000660,2023-05-17,1
C00239,O0001277,2024-02-23,1
C00239,O0001808,2024-03-09,1
C00239,O0001097,2024-05-28,1
C00240,O0000481,2022-08-26,1
C00240,O0001876,2023-02-03,1
C00240,O0000815,2023-10-24,1
C00241,O0001281,2022-08-24,1
C00242,O0001948,2022-03-25,1
C00242,O0001327,2022-04-05,1
C00242,O0001971,2022-07-28,1
C00242,O0000080,2022-12-12,1
C00242,O0001459,2024-02-16,1
C00242,O0001969,2024-04-16,1
C00243,O0001243,2022-10-30,1
C00244,O0000567,2023-01-07,1
C00244,O0001997,2023-02-07,1
C00244,O0000563,2024-01-17,1
C00245,O0000207,2022-07-18,1
C00245,O0000002,2023-01-18,1
C00245,O0000314,2023-01-28,1
C00245,O0001146,2023-10-19,1
C00245,O0001521,2024-01-04,1
C00245,O0001578,2024-02-15,1
C00245,O0000240,2024-04-17,1
C00246,O0001192,2023-11-27,1
C00247,O0000957,2022-07-06,1
C00247,O0001769,2023-03-13,1
C00247,O0001624,2023-10-11,1
C00247,O0001254,2024-06-29,1
C00248,O0000382,2022-03-20,1
C00248,O0001227,2024-04-01,1
C00249,O0000928,2022-03-28,1
C00249,O0001988,2024-01-11,1
C00250,O0000748,2022-12-23,1
C00250,O0001054,2023-03-04,1
C00250,O0000840,2023-06-28,1
C00250,O0000189,2023-10-04,1
C00251,O0000930,2022-10-07,1
C00251,O0001216,2024-02-20,1
C00251,O0000705,2024-05-19,1
C00252,O0000174,2022-05-25,1
C00252,O0001258,2022-07-23,1
C00252,O0001481,2023-03-28,1
C00252,O0000649,2023-10-29,1
C00252,O0000926,2024-04-25,1
C00253,O0001323,2022-02-08,1
C00253,O0001821,2022-04-30,1
C00253,O0001967,2022-05-05,2
C00253,O0001480,2024-02-26,1
C00253,O0001887,2024-05-11,1
C00254,O0000295,2022-04-10,1
C00254,O0001287,2022-09-03,1
C00254,O0000814,2023-02-13,1
C00254,O0000467,2023-02-19,2
C00254,O0000461,2023-02-22,2
C00254,O0000710,2023-06-29,1
C00254,O0001373,2024-03-13,1
C00255,O0001565,2022-04-13,1
C00255,O0001991,2022-07-24,1
C00255,O0001618,2022-10-13,1
C00255,O0001257,2023-02-26,1
C00256,O0001591,2022-06-15,1
C00256,O0001226,2022-11-29,1
C00256,O0000235,2023-03-09,1
C00256,O0001537,2023-04-16,1
C00256,O0000620,2023-08-24,1
C00256,O0001103,2024-02-29,1
C00257,O0001851,2022-01-19,1
C00257,O0000883,2022-02-16,1
C00257,O0000719,2023-11-27,1
C00258,O0000198,2022-08-04,1
C00258,O0000964,2023-10-09,1
C00259,O0000140,2022-07-04,1
C00259,O0000057,2023-04-12,1
C00259,O0000081,2023-05-01,1
C00259,O0000171,2023-06-30,1
C00259,O0000392,2023-09-14,1
C00260,O0000440,2022-08-10,1
C00260,O0000324,2023-02-26,1
C00260,O0001159,2023-03-31,1
C00261,O0001629,2022-04-10,1
C00261,O0001123,2022-08-16,1
C00261,O0000069,2022-09-15,1
C00261,O0000752,2023-03-07,1
C00261,O0000326,2023-09-26,1
C00261,O0000162,2023-10-10,1
C00262,O0001115,2022-03-02,1
C00262,O0001921,2022-06-13,1
C00262,O0001631,2022-11-29,1
C00262,O0000588,2023-06-29,1
C00262,O0000849,2023-08-03,1
C00262,O0000819,2024-02-26,1
C00263,O0001738,2022-08-24,1
C00263,O0001864,2023-07-07,1
C00263,O0001320,2023-08-22,1
C00263,O0001818,2023-08-24,2
C00264,O0000640,2022-04-19,1
C00264,O0000157,2023-04-20,1
C00264,O0000489,2023-10-06,1
C00265,O0000925,2022-03-11,1
C00265,O0001780,2023-02-11,1
C00265,O0000652,2023-04-04,1
C00265,O0001391,2023-12-06,1
C00265,O0001273,2024-01-08,1
C00266,O0000131,2023-05-13,1
C00266,O0001009,2023-07-05,1
C00266,O0000386,2023-08-23,1
C00266,O0000908,2024-01-14,1
C00266,O0000790,2024-02-12,1
C00267,O0001583,2023-02-21,1
C00267,O0000061,2024-02-02,1
C00267,O0001318,2024-05-14,1
C00268,O0001764,2022-05-31,1
C00268,O0001674,2022-07-25,1
C00268,O0000740,2022-12-30,1
C00268,O0001569,2023-11-23,1
C00269,O0000243,2023-02-13,1
C00269,O0001416,2023-08-09,1
C00269,O0000260,2023-10-28,1
C00269,O0000117,2023-11-25,1
C00269,O0000749,2023-11-30,2
C00270,O0000180,2022-02-25,1
C00270,O0001345,2022-04-09,1
C00271,O0000113,2022-03-11,1
C00271,O0001941,2022-09-30,1
C00271,O0000954,2023-08-21,1
C00271,O0001208,2023-10-15,1
C00271,O0001768,2023-11-27,1
C00273,O0000860,2022-02-15,1
C00273,O0001762,2022-07-02,1
C00273,O0001336,2022-08-07,1
C00273,O0000763,2022-11-01,1
C00273,O0001745,2023-01-30,1
C00273,O0001985,2023-12-22,1
C00274,O0000071,2023-02-26,1
C00275,O0000821,2022-03-24,1
C00275,O0000373,2022-04-04,1
C00275,O0000195,2023-10-21,1
C00276,O0000542,2022-01-16,1
C00276,O0000418,2023-01-26,1
C00276,O0001778,2023-04-04,1
C00276,O0000760,2024-01-28,1
C00277,O0001095,2022-08-09,1
C00277,O0001748,2022-12-21,1
C00277,O0000456,2023-04-27,1
C00277,O0000684,2023-11-04,1
C00277,O0001557,2024-03-10,1
C00278,O0001121,2022-02-19,1
C00278,O0001152,2023-07-23,1
C00278,O0001436,2024-03-22,1
C00278,O0000889,2024-06-28,1
C00279,O0001685,2022-03-12,1
C00279,O0001999,2023-03-24,1
C00279,O0001849,2024-01-25,1
C00280,O0001068,2022-07-28,1
C00280,O0001902,2023-01-02,1
C00280,O0000055,2023-10-09,1
C00280,O0001494,2024-03-10,1
C00280,O0001501,2024-03-14,2
C00280,O0000877,2024-05-15,1
C00281,O0001240,2023-07-23,1
C00281,O0000233,2023-12-29,1
C00281,O0001242,2024-02-16,1
C00282,O0001732,2022-09-27,1
C00282,O0001475,2023-02-03,1
C00282,O0000183,2023-10-09,1
C00283,O0000163,2024-02-02,1
C00284,O0000609,2022-05-04,1
C00284,O0000829,2022-08-06,1
C00284,O0000512,2022-11-14,1
C00284,O0000317,2023-02-02,1
C00284,O0000495,2023-04-10,1
C00284,O0001782,2024-02-15,1
C00284,O0001566,2024-03-20,1
C00285,O0000722,2022-06-05,1
C00285,O0001750,2024-05-15,1
C00285,O0000695,2024-06-18,1
C00286,O0001477,2023-04-01,1
C00286,O0001492,2023-05-06,1
C00286,O0000109,2024-02-08,1
C00287,O0001838,2022-01-12,1
C00287,O0001241,2022-03-20,1
C00287,O0000028,2022-04-11,1
C00287,O0000637,2023-03-13,1
C00287,O0000707,2023-08-17,1
C00287,O0000581,2023-08-31,1
C00287,O0000855,2023-10-28,1
C00287,O0000012,2024-01-27,1
C00287,O0000636,2024-05-18,1
C00287,O0001664,2024-06-21,1
C00288,O0001426,2022-07-09,1
C00289,O0000451,2022-04-19,1
C00289,O0001575,2022-05-19,1
C00289,O0000728,2023-02-26,1
C00289,O0000565,2023-08-21,1
C00290,O0001980,2022-07-09,1
C00290,O0001311,2023-06-08,1
C00290,O0001407,2023-07-10,1
C00290,O0001260,2023-12-30,1
C00290,O0001017,2024-04-24,1
C00290,O0000253,2024-06-24,1
C00291,O0000338,2022-01-29,1
C00291,O0000573,2022-07-03,1
C00291,O0001063,2023-12-31,1
C00292,O0000294,2022-05-04,1
C00292,O0001865,2023-05-18,1
C00293,O0001552,2024-02-27,1
C00293,O0000918,2024-06-13,1
C00294,O0001804,2022-06-10,1
C00294,O0000552,2023-08-25,1
C00294,O0001756,2024-03-30,1
C00295,O0000970,2022-07-15,1
C00295,O0000257,2024-01-21,1
C00296,O0000899,2022-07-06,1
C00296,O0001642,2022-09-24,1
C00296,O0001511,2023-06-07,1
C00296,O0001424,2024-05-19,1
C00297,O0001952,2023-01-30,1
C00298,O0000595,2022-04-02,1
C00298,O0000765,2022-06-06,1
C00298,O0000376,2024-01-22,1
C00298,O0001835,2024-05-06,1
C00299,O0000648,2023-03-07,1
C00299,O0001861,2023-07-27,1
C00300,O0000327,2022-05-17,1
C00300,O0001776,2022-07-15,1
C00300,O0001091,2023-05-26,1
C00300,O0001016,2023-06-09,1
C00301,O0000857,2023-07-09,1
C00302,O0001245,2022-03-02,1
C00302,O0000914,2022-05-12,1
C00302,O0000727,2022-07-11,1
C00302,O0000226,2023-01-18,1
C00302,O0000715,2023-12-01,1
C00302,O0001197,2024-04-12,1
C00303,O0001246,2022-06-06,1
C00303,O0000178,2023-07-15,1
C00303,O0000401,2024-05-10,1
C00304,O0001062,2022-06-18,1
C00304,O0000159,2022-07-27,1
C00304,O0000582,2023-11-16,1
C00304,O0001541,2023-12-07,1
C00304,O0000801,2024-06-16,1
C00306,O0000139,2022-01-10,1
C00306,O0001657,2022-03-22,1
C00306,O0000515,2022-06-07,1
C00306,O0001223,2023-05-07,1
C00306,O0000017,2023-06-28,1
C00307,O0001662,2022-02-25,1
C00307,O0000168,2022-07-01,1
C00307,O0000601,2022-10-04,1
C00307,O0000123,2024-03-12,1
C00307,O0000746,2024-04-21,1
C00308,O0001775,2022-10-14,1
C00308,O0001232,2022-12-23,1
C00308,O0000659,2023-04-08,1
C00308,O0001457,2023-11-20,1
C00309,O0000545,2022-01-12,1
C00309,O0001905,2022-11-07,1
C00309,O0000604,2023-03-13,1
C00309,O0000193,2024-05-02,1
C00310,O0000336,2022-08-05,1
C00310,O0000991,2022-10-05,1
C00310,O0000092,2024-01-26,1
C00310,O0001560,2024-05-05,1
C00311,O0001524,2022-08-29,1
C00311,O0000955,2023-06-30,1
C00311,O0001767,2024-03-27,1
C00312,O0000296,2022-10-24,1
C00312,O0001229,2022-12-19,1
C00312,O0000538,2023-07-16,1
C00312,O0000912,2023-09-07,1
C00313,O0001372,2022-04-30,1
C00313,O0001006,2023-06-06,1
C00313,O0000465,2023-08-31,1
C00313,O0000108,2023-09-20,1
C00314,O0001238,2022-09-09,1
C00314,O0001021,2022-09-15,2
C00314,O0000966,2022-12-03,1
C00314,O0000403,2023-01-11,1
C00314,O0001692,2023-10-17,1
C00314,O0000546,2024-03-13,1
C00315,O0001512,2022-05-25,1
C00315,O0001695,2022-12-01,1
C00315,O0001437,2023-02-20,1
C00316,O0001965,2023-08-13,1
C00316,O0001076,2024-01-16,1
C00316,O0000211,2024-05-10,1
C00316,O0001933,2024-06-21,1
C00317,O0001856,2022-03-01,1
C00317,O0000407,2023-02-09,1
C00317,O0000288,2023-05-20,1
C00318,O0000247,2023-12-15,1
C00318,O0001096,2024-06-25,1
C00319,O0001432,2023-04-24,1
C00319,O0001275,2024-02-07,1
C00319,O0001107,2024-03-31,1
C00320,O0000551,2023-04-10,1
C00320,O0001002,2023-09-04,1
C00321,O0001160,2022-11-27,1
C00321,O0000629,2023-09-18,1
C00321,O0001144,2023-12-02,1
C00322,O0000934,2022-01-23,1
C00322,O0000438,2022-11-17,1
C00322,O0001069,2023-11-10,1
C00322,O0001755,2024-03-08,1
C00322,O0000458,2024-03-10,2
C00323,O0001132,2022-11-17,1
C00323,O0001593,2023-01-29,1
C00323,O0001297,2023-06-03,1
C00323,O0001622,2023-07-05,1
C00323,O0001267,2023-09-04,1
C00323,O0001966,2023-09-06,2
C00323,O0000217,2023-10-15,1
C00324,O0001746,2022-06-17,1
C00324,O0001792,2022-10-29,1
C00324,O0001953,2024-02-14,1
C00324,O0000287,2024-06-21,1
C00325,O0000219,2022-08-17,1
C00325,O0001951,2022-11-06,1
C00326,O0000547,2022-01-22,1
C00326,O0000107,2022-05-28,1
C00326,O0001561,2022-11-28,1
C00326,O0001893,2024-04-27,1
C00327,O0000793,2022-08-26,1
C00327,O0001207,2023-11-07,1
C00328,O0001986,2022-02-17,1
C00328,O0001651,2023-08-21,1
C00328,O0000052,2023-12-31,1
C00328,O0000758,2024-01-01,2
C00328,O0001376,2024-03-24,1
C00328,O0000769,2024-05-09,1
C00329,O0001640,2022-04-07,1
C00329,O0000529,2023-02-07,1
C00329,O0000064,2023-08-14,1
C00329,O0001571,2024-03-06,1
C00329,O0000122,2024-03-29,1
C00330,O0000974,2022-01-13,1
C00330,O0001737,2022-06-14,1
C00330,O0001761,2022-09-09,1
C00331,O0001309,2022-10-13,1
C00331,O0001600,2023-04-04,1
C00332,O0000085,2022-09-16,1
C00332,O0000678,2022-12-07,1
C00332,O0001681,2023-01-28,1
C00332,O0001815,2023-04-17,1
C00333,O0000237,2023-04-23,1
C00333,O0000494,2023-05-01,1
C00333,O0000430,2023-05-04,2
C00334,O0000983,2022-04-23,1
C00334,O0000275,2022-06-09,1
C00334,O0001375,2022-06-30,1
C00334,O0000535,2022-08-24,1
C00334,O0001220,2023-08-21,1
C00334,O0001302,2024-06-11,1
C00335,O0001188,2022-01-11,1
C00335,O0000661,2022-09-29,1
C00335,O0001518,2022-12-11,1
C00336,O0000985,2023-04-18,1
C00336,O0001720,2024-05-27,1
C00337,O0001052,2023-03-31,1
C00338,O0001609,2022-02-21,1
C00338,O0001106,2022-04-08,1
C00338,O0000290,2023-09-05,1
C00339,O0001035,2022-08-10,1
C00339,O0001441,2022-08-28,1
C00339,O0001869,2022-10-18,1
C00339,O0001857,2022-11-13,1
C00339,O0001434,2023-04-11,1
C00339,O0001922,2023-11-14,1
C00340,O0000789,2022-01-21,1
C00340,O0000851,2023-08-28,1
C00340,O0000464,2023-11-20,1
C00340,O0001862,2023-12-27,1
C00340,O0001348,2024-06-09,1
C00341,O0000437,2022-03-14,1
C00341,O0000274,2022-05-16,1
C00341,O0000167,2022-09-19,1
C00341,O0000737,2022-12-23,1
C00341,O0000568,2023-01-22,1
C00341,O0001940,2023-03-25,1
C00341,O0001094,2023-04-16,1
C00341,O0000267,2023-12-28,1
C00341,O0001150,2024-03-06,1
C00341,O0000098,2024-04-16,1
C00342,O0000242,2022-07-06,1
C00342,O0001715,2022-08-27,1
C00342,O0001164,2022-11-01,1
C00342,O0000466,2024-05-27,1
C00343,O0001410,2022-03-29,1
C00343,O0000490,2022-06-30,1
C00343,O0000426,2022-11-26,1
C00343,O0001711,2023-06-02,1
C00343,O0000736,2023-06-08,2
C00343,O0000739,2023-07-24,1
C00344,O0000795,2022-11-09,1
C00344,O0001605,2023-01-25,1
C00344,O0001749,2023-07-19,1
C00345,O0000921,2022-07-30,1
C00345,O0000861,2023-04-21,1
C00346,O0000886,2022-11-13,1
C00346,O0001086,2022-11-28,1
C00346,O0001516,2023-02-10,1
C00346,O0000616,2023-05-20,1
C00346,O0000439,2023-10-07,1
C00346,O0000946,2023-10-09,2
C00347,O0001231,2023-10-31,1
C00347,O0001649,2023-12-10,1
C00347,O0001109,2024-02-25,1
C00348,O0000261,2023-08-21,1
C00348,O0000527,2023-11-21,1
C00349,O0000706,2023-01-10,1
C00349,O0000357,2023-07-22,1
C00350,O0000135,2023-04-04,1
C00350,O0001717,2023-08-25,1
C00350,O0001841,2023-08-30,2
C00351,O0001912,2022-03-27,1
C00351,O0001725,2022-11-13,1
C00351,O0001053,2023-03-14,1
C00351,O0000232,2024-05-16,1
C00352,O0001401,2022-02-16,1
C00352,O0000606,2023-09-11,1
C00353,O0001415,2023-04-22,1
C00353,O0000589,2024-01-18,1
C00354,O0000448,2022-04-02,1
C00354,O0000712,2022-05-10,1
C00354,O0001089,2023-02-15,1
C00354,O0000424,2024-04-10,1
C00355,O0000950,2022-02-22,1
C00355,O0001289,2023-01-20,1
C00355,O0001998,2024-04-23,1
C00356,O0001719,2022-01-03,1
C00356,O0001596,2022-06-12,1
C00356,O0001193,2022-06-30,1
C00356,O0000262,2022-08-10,1
C00357,O0000047,2023-10-15,1
C00357,O0001777,2024-01-09,1
C00358,O0000658,2022-12-15,1
C00358,O0000885,2023-07-29,1
C00358,O0001255,2023-09-01,1
C00358,O0001982,2023-09-23,1
C00359,O0000293,2022-04-07,1
C00359,O0000030,2022-09-10,1
C00359,O0000772,2023-11-28,1
C00359,O0000302,2024-05-10,1
C00360,O0000216,2022-03-15,1
C00360,O0001346,2022-04-19,1
C00360,O0001757,2024-01-03,1
C00361,O0000978,2022-05-29,1
C00361,O0001733,2022-12-23,1
C00361,O0000500,2023-02-17,1
C00361,O0001047,2023-09-28,1
C00361,O0000838,2024-04-11,1
C00362,O0000480,2023-01-27,1
C00362,O0001588,2023-12-29,1
C00363,O0001125,2022-02-26,1
C00363,O0001801,2022-04-13,1
C00363,O0001110,2022-05-10,1
C00363,O0001055,2022-06-15,1
C00363,O0001666,2023-05-10,1
C00363,O0001186,2023-07-21,1
C00363,O0001691,2024-05-07,1
C00364,O0000255,2022-01-12,1
C00364,O0000554,2022-11-09,1
C00364,O0001234,2023-03-14,1
C00364,O0000572,2023-10-02,1
C00364,O0000842,2024-03-06,1
C00365,O0001366,2022-06-16,1
C00365,O0000681,2023-01-24,1
C00365,O0001187,2023-01-27,2
C00365,O0000761,2024-01-06,1
C00365,O0000744,2024-02-16,1
C00366,O0001956,2022-08-20,1
C00366,O0000150,2023-11-16,1
C00367,O0000282,2022-03-19,1
C00367,O0001563,2022-06-24,1
C00367,O0000646,2023-10-14,1
C00367,O0000220,2023-12-27,1
C00368,O0001357,2022-06-18,1
C00368,O0001881,2022-06-27,1
C00368,O0000011,2022-08-02,1
C00368,O0000398,2023-05-05,1
C00368,O0000432,2023-11-27,1
C00369,O0001326,2022-01-23,1
C00369,O0000413,2022-06-26,1
C00369,O0000313,2022-07-15,1
C00369,O0000084,2022-10-20,1
C00369,O0000524,2023-03-07,1
C00369,O0000856,2023-03-30,1
C00369,O0001703,2024-05-18,1
C00370,O0000887,2022-09-12,1
C00370,O0000176,2022-09-27,1
C00370,O0001351,2023-05-19,1
C00370,O0001014,2023-05-31,1
C00370,O0001371,2023-09-05,1
C00370,O0000415,2023-10-15,1
C00370,O0001386,2023-10-30,1
C00371,O0001810,2022-03-10,1
C00371,O0001710,2022-08-01,1
C00371,O0001283,2023-08-21,1
C00371,O0001987,2023-12-17,1
C00371,O0000453,2024-02-07,1
C00372,O0000366,2022-04-22,1
C00372,O0001913,2022-05-02,1
C00372,O0001979,2022-07-29,1
C00372,O0000204,2022-10-11,1
C00372,O0000355,2024-01-23,1
C00373,O0001070,2022-09-14,1
C00373,O0000103,2023-05-14,1
C00373,O0000995,2023-11-05,1
C00373,O0000935,2024-01-02,1
C00373,O0001812,2024-03-25,1
C00374,O0001025,2022-08-17,1
C00374,O0000522,2023-03-27,1
C00375,O0001200,2022-11-30,1
C00375,O0000920,2023-12-16,1
C00375,O0000353,2024-05-03,1
C00376,O0000979,2022-02-02,1
C00376,O0000298,2022-10-10,1
C00376,O0000356,2023-11-18,1
C00376,O0001977,2024-03-23,1
C00377,O0001476,2023-03-29,1
C00378,O0001127,2022-03-25,1
C00378,O0000393,2022-07-26,1
C00378,O0000316,2022-09-07,1
C00378,O0001444,2023-04-03,1
C00378,O0000809,2023-05-05,1
C00378,O0000735,2023-07-05,1
C00378,O0000309,2023-09-14,1
C00379,O0000186,2023-02-15,1
C00379,O0000625,2023-05-28,1
C00379,O0001680,2023-07-29,1
C00379,O0001118,2024-01-10,1
C00380,O0001385,2022-05-24,1
C00380,O0000794,2023-06-05,1
C00380,O0000602,2024-01-08,1
C00381,O0000896,2023-06-18,1
C00381,O0001141,2023-10-03,1
C00381,O0000755,2023-11-17,1
C00381,O0000377,2024-05-22,1
C00382,O0001112,2022-06-21,1
C00382,O0000591,2024-04-06,1
C00383,O0000879,2022-04-03,1
C00383,O0000278,2022-09-20,1
C00383,O0001244,2023-01-26,1
C00383,O0001073,2023-12-30,1
C00383,O0001353,2024-02-25,1
C00383,O0000526,2024-06-22,1
C00384,O0001574,2023-07-14,1
C00384,O0000823,2023-12-28,1
C00385,O0000953,2022-02-05,1
C00385,O0000621,2022-06-29,1
C00385,O0000383,2023-02-03,1
C00385,O0000570,2023-06-08,1
C00385,O0000094,2024-05-13,1
C00386,O0001797,2023-01-28,1
C00386,O0000569,2023-08-01,1
C00387,O0001433,2022-01-17,1
C00387,O0000221,2023-08-07,1
C00387,O0001844,2023-11-29,1
C00388,O0001823,2022-05-26,1
C00388,O0001124,2022-07-28,1
C00388,O0001064,2024-03-17,1
C00389,O0001772,2022-09-26,1
C00389,O0001684,2022-11-12,1
C00389,O0000112,2024-06-13,1
C00390,O0000904,2022-03-12,1
C00390,O0000781,2023-04-02,1
C00390,O0001116,2023-08-25,1
C00390,O0001508,2024-05-30,1
C00391,O0000531,2022-06-13,1
C00391,O0001093,2022-11-05,1
C00391,O0000334,2022-11-28,1
C00391,O0000992,2023-08-17,1
C00391,O0000041,2023-08-18,2
C00391,O0000358,2024-04-15,1
C00391,O0001558,2024-05-14,1
C00392,O0001330,2022-05-15,1
C00392,O0001527,2023-12-19,1
C00392,O0001043,2024-05-14,1
C00393,O0000196,2023-01-12,1
C00393,O0001272,2024-02-07,1
C00394,O0001473,2023-01-27,1
C00394,O0000043,2023-08-30,1
C00394,O0001950,2024-04-12,1
C00394,O0001296,2024-05-17,1
C00394,O0001046,2024-06-20,1
C00396,O0001430,2022-04-23,1
C00396,O0000963,2022-06-13,1
C00396,O0000153,2022-07-10,1
C00397,O0000852,2023-03-02,1
C00397,O0000151,2023-05-19,1
C00397,O0000610,2024-02-16,1
C00398,O0000574,2022-08-01,1
C00398,O0001616,2022-10-25,1
C00398,O0001114,2023-01-23,1
C00398,O0000578,2023-07-09,1
C00398,O0001519,2024-02-21,1
C00399,O0001612,2022-04-18,1
C00399,O0000068,2022-06-17,1
C00399,O0000605,2022-09-04,1
C00399,O0001854,2022-10-13,1
C00399,O0001602,2022-12-01,1
C00399,O0001594,2022-12-13,1
C00399,O0001900,2023-07-24,1
C00399,O0001696,2024-05-02,1
C00400,O0000059,2022-06-15,1
C00400,O0001199,2022-07-23,1
C00400,O0001597,2023-01-07,1
C00400,O0001379,2023-02-01,1
C00400,O0000871,2023-06-29,1
C00400,O0000676,2024-05-02,1
C00400,O0001983,2024-06-11,1
C00401,O0001349,2022-01-24,1
C00401,O0001136,2022-02-06,1
C00401,O0000271,2024-01-28,1
C00401,O0001155,2024-03-17,1
C00402,O0001754,2022-05-26,1
C00402,O0000762,2022-06-06,1
C00402,O0000811,2023-12-20,1
C00403,O0000894,2023-01-01,1
C00403,O0001744,2023-08-30,1
C00404,O0001151,2022-02-05,1
C00404,O0001145,2022-03-12,1
C00404,O0001590,2024-02-24,1
C00404,O0000014,2024-03-05,1
C00405,O0001499,2022-01-03,1
C00405,O0000998,2022-02-04,1
C00406,O0000396,2023-08-23,1
C00406,O0001860,2023-09-26,1
C00406,O0001798,2024-02-01,1
C00407,O0001252,2022-02-06,1
C00407,O0001883,2022-02-24,1
C00407,O0000713,2022-03-21,1
C00407,O0000784,2022-04-12,1
C00407,O0000206,2024-02-28,1
C00408,O0001419,2022-03-16,1
C00408,O0000981,2022-10-25,1
C00408,O0000037,2023-07-17,1
C00408,O0000980,2023-08-17,1
C00408,O0000714,2024-02-04,1
C00408,O0001836,2024-06-12,1
C00409,O0001608,2022-06-09,1
C00410,O0001935,2023-02-18,1
C00410,O0000854,2023-02-25,2
C00411,O0001389,2022-07-07,1
C00411,O0001307,2022-09-26,1
C00412,O0000446,2022-10-31,1
C00413,O0001701,2022-04-02,1
C00413,O0000245,2022-07-18,1
C00413,O0001149,2022-07-23,2
C00413,O0000833,2022-12-13,1
C00413,O0000455,2023-02-28,1
C00413,O0001088,2023-07-04,1
C00413,O0000845,2023-10-21,1
C00413,O0001899,2023-11-01,1
C00413,O0001889,2024-04-23,1
C00413,O0000391,2024-06-10,1
C00414,O0001514,2022-09-16,1
C00414,O0001370,2023-06-15,1
C00414,O0000788,2023-09-25,1
C00414,O0001770,2023-10-11,1
C00415,O0000841,2022-05-09,1
C00415,O0000475,2022-10-30,1
C00415,O0001414,2023-01-10,1
C00415,O0001644,2023-01-27,1
C00415,O0001924,2023-06-24,1
C00415,O0000922,2023-10-22,1
C00416,O0000210,2022-06-11,1
C00416,O0001528,2022-10-11,1
C00416,O0000564,2022-12-26,1
C00416,O0000203,2024-04-26,1
C00417,O0000046,2024-03-19,1
C00418,O0001890,2022-05-17,1
C00418,O0000375,2022-12-02,1
C00418,O0001185,2023-01-12,1
C00419,O0001000,2022-10-02,1
C00419,O0001788,2024-04-01,1
C00420,O0000283,2022-08-02,1
C00420,O0000687,2022-11-17,1
C00420,O0001546,2024-02-03,1
C00420,O0000427,2024-03-01,1
C00421,O0000352,2022-06-08,1
C00421,O0000125,2022-11-05,1
C00421,O0000557,2022-12-25,1
C00421,O0001784,2023-01-09,1
C00421,O0000449,2023-06-14,1
C00421,O0000343,2023-10-02,1
C00422,O0000249,2022-01-28,1
C00422,O0000007,2022-01-30,2
C00422,O0000328,2022-12-25,1
C00422,O0001001,2023-07-04,1
C00422,O0000743,2023-08-04,1
C00422,O0000608,2024-02-15,1
C00422,O0001669,2024-05-20,1
C00423,O0000785,2022-11-08,1
C00423,O0001853,2023-04-15,1
C00423,O0001489,2023-05-15,1
C00423,O0001060,2023-12-06,1
C00424,O0001655,2022-06-10,1
C00424,O0001030,2023-12-08,1
C00424,O0000623,2023-12-18,1
C00425,O0000385,2022-09-29,1
C00425,O0000929,2023-02-28,1
C00425,O0001582,2023-03-07,2
C00425,O0001024,2023-04-26,1
C00425,O0001435,2023-05-19,1
C00426,O0000142,2022-03-04,1
C00426,O0001647,2022-10-13,1
C00426,O0000478,2022-11-14,1
C00426,O0000023,2023-06-16,1
C00426,O0001660,2024-01-02,1
C00426,O0000907,2024-04-14,1
C00427,O0000800,2022-03-11,1
C00428,O0000691,2022-06-11,1
C00428,O0001735,2023-10-18,1
C00429,O0001759,2022-04-12,1
C00429,O0000378,2022-10-07,1
C00429,O0000344,2023-04-07,1
C00429,O0000810,2023-06-01,1
C00429,O0001676,2023-07-31,1
C00429,O0001310,2024-02-08,1
C00430,O0000325,2023-08-27,1
C00430,O0000281,2024-03-10,1
C00431,O0000462,2022-01-14,1
C00431,O0001896,2022-06-13,1
C00431,O0000137,2022-10-17,1
C00431,O0000060,2022-11-25,1
C00431,O0001547,2023-08-09,1
C00432,O0001638,2022-09-28,1
C00432,O0000754,2023-09-06,1
C00433,O0001706,2022-09-01,1
C00433,O0000792,2023-05-04,1
C00433,O0001049,2023-09-28,1
C00433,O0000768,2024-03-12,1
C00434,O0001589,2022-11-26,1
C00435,O0001233,2022-03-17,1
C00435,O0001447,2022-04-14,1
C00435,O0001344,2023-09-21,1
C00435,O0001595,2024-01-13,1
C00435,O0001278,2024-03-13,1
C00436,O0001339,2023-09-03,1
C00437,O0000031,2022-04-19,1
C00437,O0000018,2022-10-28,1
C00437,O0001438,2022-11-03,2
C00437,O0000005,2023-02-02,1
C00437,O0001907,2023-02-26,1
C00437,O0001213,2023-04-18,1
C00437,O0001306,2023-08-22,1
C00437,O0000835,2023-12-17,1
C00437,O0001137,2024-01-22,1
C00438,O0001678,2022-08-21,1
C00438,O0000143,2023-04-06,1
C00438,O0001549,2024-06-24,1
C00439,O0001423,2022-03-31,1
C00439,O0000517,2022-05-27,1
C00440,O0000491,2022-06-27,1
C00440,O0001051,2022-09-24,1
C00440,O0001196,2023-06-13,1
C00440,O0000021,2023-06-19,2
C00440,O0001656,2024-06-28,1
C00441,O0001532,2022-10-14,1
C00441,O0000971,2023-10-24,1
C00442,O0000556,2022-10-11,1
C00442,O0000988,2024-03-24,1
C00442,O0000662,2024-04-12,1
C00443,O0001189,2022-01-02,1
C00443,O0000657,2022-02-23,1
C00443,O0001174,2022-11-01,1
C00444,O0000133,2023-04-07,1
C00444,O0001117,2023-11-02,1
C00444,O0001369,2024-05-03,1
C00445,O0000747,2022-02-23,1
C00446,O0000442,2023-01-13,1
C00446,O0001619,2023-02-01,1
C00446,O0000231,2023-12-04,1
C00447,O0000460,2022-02-03,1
C00447,O0001319,2024-05-18,1
C00447,O0000869,2024-06-13,1
C00448,O0000136,2022-02-05,1
C00448,O0000222,2023-02-08,1
C00448,O0001627,2024-01-07,1
C00448,O0001637,2024-02-05,1
C00449,O0000618,2022-06-08,1
C00449,O0000787,2022-10-05,1
C00449,O0000097,2022-12-12,1
C00449,O0001545,2024-06-17,1
C00450,O0000738,2022-07-04,1
C00450,O0001580,2022-11-14,1
C00450,O0001911,2022-11-27,1
C00450,O0001562,2022-12-11,1
C00450,O0001482,2023-03-10,1
C00451,O0001396,2022-11-14,1
C00451,O0000045,2023-06-05,1
C00451,O0001007,2024-01-06,1
C00451,O0000146,2024-06-15,1
C00453,O0001727,2022-07-09,1
C00454,O0001721,2022-04-11,1
C00454,O0000847,2022-04-12,2
C00454,O0000863,2022-05-29,1
C00454,O0001169,2022-11-04,1
C00454,O0000643,2023-06-21,1
C00454,O0001105,2024-03-01,1
C00454,O0000731,2024-05-12,1
C00455,O0000214,2022-02-19,1
C00455,O0000434,2023-07-13,1
C00456,O0000619,2023-09-22,1
C00456,O0001699,2023-11-23,1
C00456,O0001158,2023-12-04,1
C00456,O0001606,2024-06-21,1
C00457,O0001469,2022-12-11,1
C00457,O0001128,2023-01-31,1
C00457,O0000812,2023-06-27,1
C00457,O0001834,2023-12-18,1
C00458,O0001903,2023-05-27,1
C00458,O0000404,2024-05-28,1
C00459,O0001700,2023-08-19,1
C00460,O0001805,2022-12-04,1
C00460,O0000530,2023-12-06,1
C00461,O0001251,2022-09-11,1
C00461,O0001217,2023-04-17,1
C00462,O0001418,2022-12-27,1
C00462,O0001697,2023-05-01,1
C00462,O0001846,2023-05-27,1
C00462,O0001156,2023-06-17,1
C00462,O0000683,2023-07-01,1
C00462,O0000666,2024-01-19,1
C00462,O0000395,2024-04-29,1
C00462,O0001468,2024-05-24,1
C00463,O0000493,2022-01-29,1
C00463,O0001781,2022-10-19,1
C00463,O0001888,2023-07-03,1
C00463,O0000697,2024-03-09,1
C00464,O0001820,2022-01-06,1
C00464,O0000420,2022-01-10,2
C00464,O0000654,2022-10-30,1
C00464,O0001352,2023-02-03,1
C00464,O0000750,2023-08-30,1
C00464,O0001542,2023-10-20,1
C00464,O0001632,2023-10-23,2
C00464,O0000876,2024-04-19,1
C00465,O0001601,2022-06-08,1
C00465,O0000250,2023-09-17,1
C00466,O0000905,2023-06-12,1
C00466,O0001065,2024-06-20,1
C00467,O0001573,2022-08-13,1
C00467,O0000335,2023-04-30,1
C00468,O0001833,2022-05-13,1
C00468,O0000550,2022-08-21,1
C00468,O0000642,2023-05-05,1
C00468,O0000888,2023-11-28,1
C00468,O0001165,2024-02-28,1
C00468,O0000956,2024-03-21,1
C00469,O0000474,2022-05-03,1
C00469,O0001038,2022-10-23,1
C00469,O0001177,2023-01-04,1
C00469,O0001813,2023-01-23,1
C00469,O0000866,2023-04-19,1
C00469,O0001322,2023-06-01,1
C00470,O0001972,2022-03-27,1
C00470,O0000671,2024-03-18,1
C00470,O0000548,2024-04-15,1
C00471,O0000952,2022-08-05,1
C00471,O0000949,2023-08-24,1
C00472,O0001077,2022-04-07,1
C00472,O0001668,2022-07-17,1
C00472,O0001614,2022-09-02,1
C00472,O0001628,2023-12-09,1
C00473,O0001740,2022-01-26,1
C00473,O0001731,2023-12-20,1
C00473,O0000902,2024-05-30,1
C00474,O0001235,2022-12-20,1
C00474,O0001809,2023-10-01,1
C00474,O0000033,2024-01-26,1
C00475,O0001455,2022-02-19,1
C00475,O0000483,2023-05-03,1
C00476,O0001131,2023-05-26,1
C00476,O0000783,2023-11-14,1
C00477,O0001502,2023-02-15,1
C00477,O0001378,2023-06-02,1
C00477,O0000622,2023-06-03,2
C00478,O0001817,2023-02-16,1
C00478,O0001268,2023-08-15,1
C00478,O0001741,2024-06-20,1
C00479,O0001604,2023-10-11,1
C00479,O0001142,2023-12-18,1
C00479,O0000181,2024-06-22,1
C00480,O0001855,2022-03-06,1
C00480,O0000560,2022-03-28,1
C00481,O0000585,2022-12-15,1
C00481,O0000878,2023-01-04,1
C00481,O0001066,2023-04-22,1
C00481,O0001191,2023-08-18,1
C00482,O0000972,2022-01-14,1
C00482,O0001420,2022-02-12,1
C00482,O0001938,2022-09-08,1
C00482,O0000428,2023-12-02,1
C00482,O0000496,2024-01-16,1
C00482,O0001513,2024-04-29,1
C00483,O0001882,2022-01-18,1
C00483,O0001332,2023-05-23,1
C00483,O0000497,2023-08-07,1
C00483,O0001461,2024-03-31,1
C00483,O0000973,2024-05-26,1
C00484,O0000252,2022-01-07,1
C00484,O0000577,2022-02-27,1
C00484,O0000348,2022-05-25,1
C00484,O0000692,2022-06-27,1
C00485,O0000562,2022-02-10,1
C00485,O0000488,2022-11-11,1
C00485,O0001417,2023-07-17,1
C00485,O0000155,2023-10-17,1
C00486,O0000757,2022-02-03,1
C00486,O0001515,2022-02-14,1
C00486,O0001333,2022-03-12,1
C00486,O0001080,2022-08-12,1
C00486,O0001736,2022-12-11,1
C00486,O0000291,2023-10-27,1
C00487,O0000726,2022-07-26,1
C00487,O0000381,2022-11-13,1
C00487,O0001282,2023-01-01,1
C00487,O0000421,2023-01-19,1
C00487,O0001806,2023-02-24,1
C00487,O0001020,2023-07-16,1
C00487,O0001286,2023-07-27,1
C00488,O0001830,2022-09-02,1
C00488,O0001954,2024-05-15,1
C00488,O0000070,2024-06-12,1
C00489,O0000248,2022-06-28,1
C00490,O0001897,2022-02-19,1
C00490,O0000673,2022-10-16,1
C00490,O0001084,2023-12-17,1
C00490,O0001636,2024-03-25,1
C00490,O0000362,2024-06-21,1
C00491,O0001154,2022-01-15,1
C00491,O0000320,2023-01-10,1
C00492,O0001331,2022-09-22,1
C00492,O0000361,2023-03-08,1
C00492,O0000417,2023-04-30,1
C00492,O0000655,2023-05-01,2
C00493,O0001383,2022-03-02,1
C00493,O0001384,2022-04-13,1
C00493,O0000507,2022-07-30,1
C00493,O0000516,2022-10-18,1
C00493,O0001718,2023-04-28,1
C00493,O0001646,2024-04-26,1
C00494,O0001181,2022-03-28,1
C00494,O0000670,2023-01-16,1
C00494,O0001045,2023-03-29,1
C00494,O0001917,2023-05-12,1
C00494,O0000499,2023-08-16,1
C00494,O0001425,2023-12-14,1
C00495,O0001520,2022-07-15,1
C00495,O0001205,2022-09-11,1
C00495,O0000332,2022-12-21,1
C00495,O0001446,2023-01-25,1
C00495,O0001635,2023-04-17,1
C00495,O0000965,2023-07-08,1
C00495,O0001179,2023-10-29,1
C00495,O0000915,2024-01-08,1
C00495,O0001328,2024-03-24,1
C00496,O0001839,2022-02-07,1
C00496,O0001828,2022-03-20,1
C00496,O0001961,2022-03-22,2
C00496,O0000469,2022-05-23,1
C00496,O0000993,2022-08-24,1
C00496,O0000194,2023-01-25,1
C00496,O0000423,2023-01-31,2
C00496,O0001474,2023-04-17,1
C00496,O0000029,2023-05-19,1
C00496,O0000612,2023-06-19,1
C00496,O0000969,2023-08-02,1
C00496,O0000450,2023-09-06,1
C00496,O0001129,2023-10-27,1
C00497,O0000301,2022-02-01,1
C00497,O0000367,2022-08-23,1
C00497,O0001315,2023-07-01,1
C00497,O0000820,2024-03-12,1
C00498,O0001340,2022-12-26,1
C00498,O0001019,2023-03-06,1
C00498,O0000241,2023-05-19,1
C00499,O0000590,2022-10-16,1
C00499,O0001688,2023-03-08,1
C00499,O0000279,2023-03-13,2
C00499,O0000717,2023-05-25,1
C00499,O0000374,2023-07-03,1
C00500,O0001356,2022-02-17,1
C00500,O0000701,2022-08-27,1
C00500,O0001866,2022-08-29,2
C00500,O0001018,2023-08-13,1
C00500,O0001061,2023-09-13,1
